<?xml version="1.0" encoding="UTF-8"?>
<metadata xml:lang="es"><Esri><CreaDate>20210408</CreaDate><CreaTime>13093500</CreaTime><ArcGISFormat>1.0</ArcGISFormat><SyncOnce>TRUE</SyncOnce><DataProperties><lineage><Process ToolSource="c:\program files (x86)\arcgis\desktop10.2\ArcToolbox\Toolboxes\Data Management Tools.tbx\CalculateField" Date="20140313" Time="105831">CalculateField Antenas_en_Servicio LONGITUD_CALCULADA "-70,577778" VB #</Process><Process ToolSource="c:\program files (x86)\arcgis\desktop10.2\ArcToolbox\Toolboxes\Data Management Tools.tbx\CalculateField" Date="20140313" Time="105856">CalculateField Antenas_en_Servicio LATITUD_CALCULADA "-33,436944" VB #</Process><Process ToolSource="c:\program files (x86)\arcgis\desktop10.2\ArcToolbox\Toolboxes\Data Management Tools.tbx\CalculateField" Date="20140313" Time="152320">CalculateField Antenas_en_Servicio LONGITUD_CALCULADA "-109,417778" VB #</Process><Process ToolSource="c:\program files (x86)\arcgis\desktop10.2\ArcToolbox\Toolboxes\Data Management Tools.tbx\CalculateField" Date="20140313" Time="152337">CalculateField Antenas_en_Servicio LATITUD_CALCULADA "-27,157222" VB #</Process><Process ToolSource="c:\program files (x86)\arcgis\desktop10.2\ArcToolbox\Toolboxes\Data Management Tools.tbx\CalculateField" Date="20140313" Time="152352">CalculateField Antenas_en_Servicio DTE_LAT_SUR_SEG 26 VB #</Process><Process ToolSource="c:\program files (x86)\arcgis\desktop10.2\ArcToolbox\Toolboxes\Data Management Tools.tbx\CalculateField" Date="20140313" Time="152359">CalculateField Antenas_en_Servicio DTE_LON_OESTE_MIN 25 VB #</Process><Process ToolSource="c:\program files (x86)\arcgis\desktop10.2\ArcToolbox\Toolboxes\Data Management Tools.tbx\CalculateField" Date="20140313" Time="152406">CalculateField Antenas_en_Servicio DTE_LON_OESTE_SEG 04 VB #</Process></lineage></DataProperties></Esri></metadata>
